"imagePath","imageId","groundTruthIndex","groundTruthLabel","predictedTop1Index","predictedTop1Label","predictedTop1Score","top5Indices","top5Labels","top5Scores","isTop5Correct"
"/private/var/containers/Bundle/Application/4D01D32A-B666-4384-B213-31BBF61E54F1/CVTestsSUI.app/imagenette2-160-subset-500__n01440764__n01440764_10211.JPEG","images/n01440764/imagenette2-160-subset-500__n01440764__n01440764_10211.JPEG","0","tench","389","barracouta","9,437500","389|0|395|394|391","barracouta|tench|gar|sturgeon|coho","9,437500|8,906250|7,902344|6,105469|5,695312","true"
"/private/var/containers/Bundle/Application/4D01D32A-B666-4384-B213-31BBF61E54F1/CVTestsSUI.app/imagenette2-160-subset-500__n01440764__n01440764_5690.JPEG","images/n01440764/imagenette2-160-subset-500__n01440764__n01440764_5690.JPEG","0","tench","390","eel","8,539062","390|110|0|111|107","eel|flatworm|tench|nematode|jellyfish","8,539062|5,914062|5,628906|5,542969|5,187500","true"
"/private/var/containers/Bundle/Application/4D01D32A-B666-4384-B213-31BBF61E54F1/CVTestsSUI.app/imagenette2-160-subset-500__n01440764__n01440764_7492.JPEG","images/n01440764/imagenette2-160-subset-500__n01440764__n01440764_7492.JPEG","0","tench","389","barracouta","7,531250","389|395|394|391|0","barracouta|gar|sturgeon|coho|tench","7,531250|5,707031|5,082031|4,582031|4,390625","true"
"/private/var/containers/Bundle/Application/4D01D32A-B666-4384-B213-31BBF61E54F1/CVTestsSUI.app/imagenette2-160-subset-500__n02102040__n02102040_1241.JPEG","images/n02102040/imagenette2-160-subset-500__n02102040__n02102040_1241.JPEG","217","English springer","247","Saint Bernard","8,179688","247|217|215|220|210","Saint Bernard|English springer|Brittany spaniel|Sussex spaniel|German short-haired pointer","8,179688|7,878906|5,699219|5,238281|5,000000","true"
"/private/var/containers/Bundle/Application/4D01D32A-B666-4384-B213-31BBF61E54F1/CVTestsSUI.app/imagenette2-160-subset-500__n02102040__n02102040_1252.JPEG","images/n02102040/imagenette2-160-subset-500__n02102040__n02102040_1252.JPEG","217","English springer","680","nipple","6,531250","680|199|691|160|170","nipple|Scotch terrier|oxygen mask|Afghan hound|Irish wolfhound","6,531250|6,156250|6,093750|6,066406|6,058594","false"
"/private/var/containers/Bundle/Application/4D01D32A-B666-4384-B213-31BBF61E54F1/CVTestsSUI.app/imagenette2-160-subset-500__n02102040__n02102040_1261.JPEG","images/n02102040/imagenette2-160-subset-500__n02102040__n02102040_1261.JPEG","217","English springer","212","English setter","7,718750","212|210|215|188|216","English setter|German short-haired pointer|Brittany spaniel|wire-haired fox terrier|clumber","7,718750|6,269531|6,222656|5,519531|5,281250","false"
"/private/var/containers/Bundle/Application/4D01D32A-B666-4384-B213-31BBF61E54F1/CVTestsSUI.app/imagenette2-160-subset-500__n02102040__n02102040_1740.JPEG","images/n02102040/imagenette2-160-subset-500__n02102040__n02102040_1740.JPEG","217","English springer","215","Brittany spaniel","6,468750","215|212|217|169|166","Brittany spaniel|English setter|English springer|borzoi|Walker hound","6,468750|6,128906|5,539062|5,285156|4,953125","true"
"/private/var/containers/Bundle/Application/4D01D32A-B666-4384-B213-31BBF61E54F1/CVTestsSUI.app/imagenette2-160-subset-500__n02102040__n02102040_4090.JPEG","images/n02102040/imagenette2-160-subset-500__n02102040__n02102040_4090.JPEG","217","English springer","364","three-toed sloth","7,085938","364|360|229|359|198","three-toed sloth|otter|Old English sheepdog|black-footed ferret|standard schnauzer","7,085938|6,011719|6,000000|5,835938|5,464844","false"
"/private/var/containers/Bundle/Application/4D01D32A-B666-4384-B213-31BBF61E54F1/CVTestsSUI.app/imagenette2-160-subset-500__n02102040__n02102040_4481.JPEG","images/n02102040/imagenette2-160-subset-500__n02102040__n02102040_4481.JPEG","217","English springer","152","Japanese spaniel","6,753906","152|200|232|217|229","Japanese spaniel|Tibetan terrier|Border collie|English springer|Old English sheepdog","6,753906|6,359375|6,042969|5,980469|5,210938","true"
"/private/var/containers/Bundle/Application/4D01D32A-B666-4384-B213-31BBF61E54F1/CVTestsSUI.app/imagenette2-160-subset-500__n02102040__n02102040_4650.JPEG","images/n02102040/imagenette2-160-subset-500__n02102040__n02102040_4650.JPEG","217","English springer","218","Welsh springer spaniel","8,750000","218|217|220|219|216","Welsh springer spaniel|English springer|Sussex spaniel|cocker spaniel|clumber","8,750000|8,312500|7,171875|4,691406|4,625000","true"
"/private/var/containers/Bundle/Application/4D01D32A-B666-4384-B213-31BBF61E54F1/CVTestsSUI.app/imagenette2-160-subset-500__n02102040__n02102040_5502.JPEG","images/n02102040/imagenette2-160-subset-500__n02102040__n02102040_5502.JPEG","217","English springer","212","English setter","8,250000","212|217|219|220|216","English setter|English springer|cocker spaniel|Sussex spaniel|clumber","8,250000|7,703125|6,957031|6,253906|6,066406","true"
"/private/var/containers/Bundle/Application/4D01D32A-B666-4384-B213-31BBF61E54F1/CVTestsSUI.app/imagenette2-160-subset-500__n02102040__n02102040_562.JPEG","images/n02102040/imagenette2-160-subset-500__n02102040__n02102040_562.JPEG","217","English springer","212","English setter","8,226562","212|210|167|217|215","English setter|German short-haired pointer|English foxhound|English springer|Brittany spaniel","8,226562|6,480469|6,054688|5,898438|5,890625","true"
"/private/var/containers/Bundle/Application/4D01D32A-B666-4384-B213-31BBF61E54F1/CVTestsSUI.app/imagenette2-160-subset-500__n02102040__n02102040_5681.JPEG","images/n02102040/imagenette2-160-subset-500__n02102040__n02102040_5681.JPEG","217","English springer","264","Cardigan","6,910156","264|250|157|162|158","Cardigan|Siberian husky|papillon|beagle|toy terrier","6,910156|6,042969|5,304688|5,250000|5,070312","false"
"/private/var/containers/Bundle/Application/4D01D32A-B666-4384-B213-31BBF61E54F1/CVTestsSUI.app/imagenette2-160-subset-500__n02102040__n02102040_5802.JPEG","images/n02102040/imagenette2-160-subset-500__n02102040__n02102040_5802.JPEG","217","English springer","241","EntleBucher","5,101562","241|238|220|217|240","EntleBucher|Greater Swiss Mountain dog|Sussex spaniel|English springer|Appenzeller","5,101562|4,914062|4,535156|4,457031|4,441406","true"
"/private/var/containers/Bundle/Application/4D01D32A-B666-4384-B213-31BBF61E54F1/CVTestsSUI.app/imagenette2-160-subset-500__n02102040__n02102040_5950.JPEG","images/n02102040/imagenette2-160-subset-500__n02102040__n02102040_5950.JPEG","217","English springer","240","Appenzeller","6,660156","240|217|232|210|241","Appenzeller|English springer|Border collie|German short-haired pointer|EntleBucher","6,660156|6,238281|5,523438|4,957031|4,652344","true"
"/private/var/containers/Bundle/Application/4D01D32A-B666-4384-B213-31BBF61E54F1/CVTestsSUI.app/imagenette2-160-subset-500__n02102040__n02102040_6232.JPEG","images/n02102040/imagenette2-160-subset-500__n02102040__n02102040_6232.JPEG","217","English springer","220","Sussex spaniel","6,800781","220|156|217|215|218","Sussex spaniel|Blenheim spaniel|English springer|Brittany spaniel|Welsh springer spaniel","6,800781|6,726562|6,152344|5,687500|5,285156","true"
"/private/var/containers/Bundle/Application/4D01D32A-B666-4384-B213-31BBF61E54F1/CVTestsSUI.app/imagenette2-160-subset-500__n02102040__n02102040_652.JPEG","images/n02102040/imagenette2-160-subset-500__n02102040__n02102040_652.JPEG","217","English springer","219","cocker spaniel","7,800781","219|220|217|216|218","cocker spaniel|Sussex spaniel|English springer|clumber|Welsh springer spaniel","7,800781|7,691406|7,214844|7,054688|5,988281","true"
"/private/var/containers/Bundle/Application/4D01D32A-B666-4384-B213-31BBF61E54F1/CVTestsSUI.app/imagenette2-160-subset-500__n02102040__n02102040_7270.JPEG","images/n02102040/imagenette2-160-subset-500__n02102040__n02102040_7270.JPEG","217","English springer","218","Welsh springer spaniel","9,945312","218|215|210|217|241","Welsh springer spaniel|Brittany spaniel|German short-haired pointer|English springer|EntleBucher","9,945312|7,707031|7,539062|7,058594|4,777344","true"
"/private/var/containers/Bundle/Application/4D01D32A-B666-4384-B213-31BBF61E54F1/CVTestsSUI.app/imagenette2-160-subset-500__n02102040__n02102040_8372.JPEG","images/n02102040/imagenette2-160-subset-500__n02102040__n02102040_8372.JPEG","217","English springer","216","clumber","9,273438","216|212|169|222|198","clumber|English setter|borzoi|kuvasz|standard schnauzer","9,273438|6,882812|6,261719|5,574219|5,320312","false"
"/private/var/containers/Bundle/Application/4D01D32A-B666-4384-B213-31BBF61E54F1/CVTestsSUI.app/imagenette2-160-subset-500__n02102040__n02102040_880.JPEG","images/n02102040/imagenette2-160-subset-500__n02102040__n02102040_880.JPEG","217","English springer","220","Sussex spaniel","7,050781","220|218|216|217|215","Sussex spaniel|Welsh springer spaniel|clumber|English springer|Brittany spaniel","7,050781|6,964844|6,031250|5,878906|5,640625","true"
"/private/var/containers/Bundle/Application/4D01D32A-B666-4384-B213-31BBF61E54F1/CVTestsSUI.app/imagenette2-160-subset-500__n02102040__n02102040_960.JPEG","images/n02102040/imagenette2-160-subset-500__n02102040__n02102040_960.JPEG","217","English springer","232","Border collie","6,914062","232|217|195|264|227","Border collie|English springer|Boston bull|Cardigan|kelpie","6,914062|6,457031|6,277344|6,046875|5,589844","true"
"/private/var/containers/Bundle/Application/4D01D32A-B666-4384-B213-31BBF61E54F1/CVTestsSUI.app/imagenette2-160-subset-500__n02979186__n02979186_10870.JPEG","images/n02979186/imagenette2-160-subset-500__n02979186__n02979186_10870.JPEG","482","cassette player","818","spotlight","7,097656","818|766|758|482|512","spotlight|rotisserie|reel|cassette player|corkscrew","7,097656|6,734375|6,429688|6,066406|5,488281","true"
"/private/var/containers/Bundle/Application/4D01D32A-B666-4384-B213-31BBF61E54F1/CVTestsSUI.app/imagenette2-160-subset-500__n02979186__n02979186_11410.JPEG","images/n02979186/imagenette2-160-subset-500__n02979186__n02979186_11410.JPEG","482","cassette player","782","screen","6,007812","782|482|673|817|527","screen|cassette player|mouse|sports car|desktop computer","6,007812|5,507812|5,070312|4,917969|4,753906","true"
"/private/var/containers/Bundle/Application/4D01D32A-B666-4384-B213-31BBF61E54F1/CVTestsSUI.app/imagenette2-160-subset-500__n02979186__n02979186_11670.JPEG","images/n02979186/imagenette2-160-subset-500__n02979186__n02979186_11670.JPEG","482","cassette player","481","cassette","8,187500","481|848|482|710|732","cassette|tape player|cassette player|pencil sharpener|Polaroid camera","8,187500|6,250000|5,792969|3,335938|2,789062","true"
"/private/var/containers/Bundle/Application/4D01D32A-B666-4384-B213-31BBF61E54F1/CVTestsSUI.app/imagenette2-160-subset-500__n02979186__n02979186_12172.JPEG","images/n02979186/imagenette2-160-subset-500__n02979186__n02979186_12172.JPEG","482","cassette player","481","cassette","10,226562","481|482|848|754|662","cassette|cassette player|tape player|radio|modem","10,226562|9,273438|6,945312|4,804688|4,343750","true"
"/private/var/containers/Bundle/Application/4D01D32A-B666-4384-B213-31BBF61E54F1/CVTestsSUI.app/imagenette2-160-subset-500__n02979186__n02979186_13502.JPEG","images/n02979186/imagenette2-160-subset-500__n02979186__n02979186_13502.JPEG","482","cassette player","864","tow truck","10,187500","864|675|867|757|654","tow truck|moving van|trailer truck|recreational vehicle|minibus","10,187500|8,671875|7,054688|6,027344|5,878906","false"
"/private/var/containers/Bundle/Application/4D01D32A-B666-4384-B213-31BBF61E54F1/CVTestsSUI.app/imagenette2-160-subset-500__n02979186__n02979186_18940.JPEG","images/n02979186/imagenette2-160-subset-500__n02979186__n02979186_18940.JPEG","482","cassette player","481","cassette","9,359375","481|482|848|519|707","cassette|cassette player|tape player|crate|pay-phone","9,359375|8,875000|6,667969|6,144531|4,933594","true"
"/private/var/containers/Bundle/Application/4D01D32A-B666-4384-B213-31BBF61E54F1/CVTestsSUI.app/imagenette2-160-subset-500__n02979186__n02979186_20701.JPEG","images/n02979186/imagenette2-160-subset-500__n02979186__n02979186_20701.JPEG","482","cassette player","662","modem","7,183594","662|482|590|848|485","modem|cassette player|hand-held computer|tape player|CD player","7,183594|7,121094|6,445312|5,945312|5,503906","true"
"/private/var/containers/Bundle/Application/4D01D32A-B666-4384-B213-31BBF61E54F1/CVTestsSUI.app/imagenette2-160-subset-500__n02979186__n02979186_24591.JPEG","images/n02979186/imagenette2-160-subset-500__n02979186__n02979186_24591.JPEG","482","cassette player","481","cassette","7,761719","481|482|485|848|592","cassette|cassette player|CD player|tape player|hard disc","7,761719|7,468750|6,703125|6,347656|6,011719","true"
"/private/var/containers/Bundle/Application/4D01D32A-B666-4384-B213-31BBF61E54F1/CVTestsSUI.app/imagenette2-160-subset-500__n02979186__n02979186_3211.JPEG","images/n02979186/imagenette2-160-subset-500__n02979186__n02979186_3211.JPEG","482","cassette player","481","cassette","10,789062","481|482|848|710|632","cassette|cassette player|tape player|pencil sharpener|loudspeaker","10,789062|8,882812|8,148438|7,535156|6,011719","true"
"/private/var/containers/Bundle/Application/4D01D32A-B666-4384-B213-31BBF61E54F1/CVTestsSUI.app/imagenette2-160-subset-500__n02979186__n02979186_3372.JPEG","images/n02979186/imagenette2-160-subset-500__n02979186__n02979186_3372.JPEG","482","cassette player","782","screen","6,484375","782|851|651|527|548","screen|television|microwave|desktop computer|entertainment center","6,484375|5,640625|5,199219|5,093750|4,863281","false"
"/private/var/containers/Bundle/Application/4D01D32A-B666-4384-B213-31BBF61E54F1/CVTestsSUI.app/imagenette2-160-subset-500__n02979186__n02979186_5280.JPEG","images/n02979186/imagenette2-160-subset-500__n02979186__n02979186_5280.JPEG","482","cassette player","548","entertainment center","7,593750","548|598|851|482|632","entertainment center|home theater|television|cassette player|loudspeaker","7,593750|6,820312|6,562500|6,128906|5,570312","true"
"/private/var/containers/Bundle/Application/4D01D32A-B666-4384-B213-31BBF61E54F1/CVTestsSUI.app/imagenette2-160-subset-500__n02979186__n02979186_5622.JPEG","images/n02979186/imagenette2-160-subset-500__n02979186__n02979186_5622.JPEG","482","cassette player","481","cassette","7,296875","481|482|848|826|531","cassette|cassette player|tape player|stopwatch|digital watch","7,296875|6,964844|6,343750|4,250000|4,062500","true"
"/private/var/containers/Bundle/Application/4D01D32A-B666-4384-B213-31BBF61E54F1/CVTestsSUI.app/imagenette2-160-subset-500__n02979186__n02979186_731.JPEG","images/n02979186/imagenette2-160-subset-500__n02979186__n02979186_731.JPEG","482","cassette player","673","mouse","6,417969","673|482|615|447|485","mouse|cassette player|knee pad|binoculars|CD player","6,417969|5,539062|5,128906|4,847656|4,750000","true"
"/private/var/containers/Bundle/Application/4D01D32A-B666-4384-B213-31BBF61E54F1/CVTestsSUI.app/imagenette2-160-subset-500__n02979186__n02979186_7371.JPEG","images/n02979186/imagenette2-160-subset-500__n02979186__n02979186_7371.JPEG","482","cassette player","848","tape player","6,449219","848|482|713|485|742","tape player|cassette player|photocopier|CD player|printer","6,449219|6,445312|5,988281|5,781250|5,371094","true"
"/private/var/containers/Bundle/Application/4D01D32A-B666-4384-B213-31BBF61E54F1/CVTestsSUI.app/imagenette2-160-subset-500__n02979186__n02979186_9790.JPEG","images/n02979186/imagenette2-160-subset-500__n02979186__n02979186_9790.JPEG","482","cassette player","662","modem","8,039062","662|754|482|745|446","modem|radio|cassette player|projector|binder","8,039062|5,871094|5,796875|5,125000|4,679688","true"
"/private/var/containers/Bundle/Application/4D01D32A-B666-4384-B213-31BBF61E54F1/CVTestsSUI.app/imagenette2-160-subset-500__n02979186__n02979186_9811.JPEG","images/n02979186/imagenette2-160-subset-500__n02979186__n02979186_9811.JPEG","482","cassette player","481","cassette","9,250000","481|848|482|710|593","cassette|tape player|cassette player|pencil sharpener|harmonica","9,250000|6,707031|5,988281|3,824219|3,712891","true"
"/private/var/containers/Bundle/Application/4D01D32A-B666-4384-B213-31BBF61E54F1/CVTestsSUI.app/imagenette2-160-subset-500__n03000684__n03000684_10960.JPEG","images/n03000684/imagenette2-160-subset-500__n03000684__n03000684_10960.JPEG","491","chain saw","830","stretcher","6,562500","830|702|395|416|775","stretcher|parallel bars|gar|balance beam|sarong","6,562500|5,871094|5,527344|5,425781|5,050781","false"
"/private/var/containers/Bundle/Application/4D01D32A-B666-4384-B213-31BBF61E54F1/CVTestsSUI.app/imagenette2-160-subset-500__n03000684__n03000684_12370.JPEG","images/n03000684/imagenette2-160-subset-500__n03000684__n03000684_12370.JPEG","491","chain saw","413","assault rifle","5,960938","413|691|740|747|427","assault rifle|oxygen mask|power drill|punching bag|barrel","5,960938|5,820312|5,468750|5,359375|5,230469","false"
"/private/var/containers/Bundle/Application/4D01D32A-B666-4384-B213-31BBF61E54F1/CVTestsSUI.app/imagenette2-160-subset-500__n03000684__n03000684_15441.JPEG","images/n03000684/imagenette2-160-subset-500__n03000684__n03000684_15441.JPEG","491","chain saw","413","assault rifle","9,101562","413|524|491|921|708","assault rifle|cuirass|chain saw|book jacket|pedestal","9,101562|6,945312|6,746094|6,687500|6,554688","true"
"/private/var/containers/Bundle/Application/4D01D32A-B666-4384-B213-31BBF61E54F1/CVTestsSUI.app/imagenette2-160-subset-500__n03000684__n03000684_16372.JPEG","images/n03000684/imagenette2-160-subset-500__n03000684__n03000684_16372.JPEG","491","chain saw","456","bow","9,242188","456|972|491|645|371","bow|cliff|chain saw|maypole|patas","9,242188|8,328125|7,382812|5,398438|5,050781","true"
"/private/var/containers/Bundle/Application/4D01D32A-B666-4384-B213-31BBF61E54F1/CVTestsSUI.app/imagenette2-160-subset-500__n03000684__n03000684_2472.JPEG","images/n03000684/imagenette2-160-subset-500__n03000684__n03000684_2472.JPEG","491","chain saw","634","lumbermill","9,835938","634|491|912|653|690","lumbermill|chain saw|worm fence|milk can|oxcart","9,835938|8,406250|4,871094|4,746094|4,648438","true"
"/private/var/containers/Bundle/Application/4D01D32A-B666-4384-B213-31BBF61E54F1/CVTestsSUI.app/imagenette2-160-subset-500__n03000684__n03000684_31181.JPEG","images/n03000684/imagenette2-160-subset-500__n03000684__n03000684_31181.JPEG","491","chain saw","634","lumbermill","8,914062","634|660|675|413|915","lumbermill|mobile home|moving van|assault rifle|yurt","8,914062|8,085938|5,480469|5,261719|4,824219","false"
"/private/var/containers/Bundle/Application/4D01D32A-B666-4384-B213-31BBF61E54F1/CVTestsSUI.app/imagenette2-160-subset-500__n03000684__n03000684_4081.JPEG","images/n03000684/imagenette2-160-subset-500__n03000684__n03000684_4081.JPEG","491","chain saw","733","pole","6,980469","733|880|456|777|413","pole|unicycle|bow|scabbard|assault rifle","6,980469|6,890625|5,417969|5,328125|5,035156","false"
"/private/var/containers/Bundle/Application/4D01D32A-B666-4384-B213-31BBF61E54F1/CVTestsSUI.app/imagenette2-160-subset-500__n03028079__ILSVRC2012_val_00023000.JPEG","images/n03028079/imagenette2-160-subset-500__n03028079__ILSVRC2012_val_00023000.JPEG","497","church","663","monastery","8,570312","663|483|497|442|698","monastery|castle|church|bell cote|palace","8,570312|6,945312|6,804688|6,777344|4,500000","true"
"/private/var/containers/Bundle/Application/4D01D32A-B666-4384-B213-31BBF61E54F1/CVTestsSUI.app/imagenette2-160-subset-500__n03028079__n03028079_10060.JPEG","images/n03028079/imagenette2-160-subset-500__n03028079__n03028079_10060.JPEG","497","church","663","monastery","9,039062","663|483|497|698|442","monastery|castle|church|palace|bell cote","9,039062|7,566406|7,453125|5,664062|4,023438","true"
"/private/var/containers/Bundle/Application/4D01D32A-B666-4384-B213-31BBF61E54F1/CVTestsSUI.app/imagenette2-160-subset-500__n03028079__n03028079_116072.JPEG","images/n03028079/imagenette2-160-subset-500__n03028079__n03028079_116072.JPEG","497","church","437","beacon","8,773438","437|663|497|425|900","beacon|monastery|church|barn|water tower","8,773438|7,144531|6,011719|5,101562|4,417969","true"
"/private/var/containers/Bundle/Application/4D01D32A-B666-4384-B213-31BBF61E54F1/CVTestsSUI.app/imagenette2-160-subset-500__n03028079__n03028079_12812.JPEG","images/n03028079/imagenette2-160-subset-500__n03028079__n03028079_12812.JPEG","497","church","442","bell cote","7,816406","442|663|437|497|708","bell cote|monastery|beacon|church|pedestal","7,816406|7,574219|6,199219|6,113281|5,738281","true"
"/private/var/containers/Bundle/Application/4D01D32A-B666-4384-B213-31BBF61E54F1/CVTestsSUI.app/imagenette2-160-subset-500__n03028079__n03028079_13331.JPEG","images/n03028079/imagenette2-160-subset-500__n03028079__n03028079_13331.JPEG","497","church","884","vault","7,269531","884|497|406|687|663","vault|church|altar|organ|monastery","7,269531|6,828125|6,714844|5,953125|5,742188","true"
"/private/var/containers/Bundle/Application/4D01D32A-B666-4384-B213-31BBF61E54F1/CVTestsSUI.app/imagenette2-160-subset-500__n03028079__n03028079_14371.JPEG","images/n03028079/imagenette2-160-subset-500__n03028079__n03028079_14371.JPEG","497","church","449","boathouse","8,148438","449|437|858|425|497","boathouse|beacon|tile roof|barn|church","8,148438|4,519531|4,363281|4,011719|3,916016","true"
"/private/var/containers/Bundle/Application/4D01D32A-B666-4384-B213-31BBF61E54F1/CVTestsSUI.app/imagenette2-160-subset-500__n03028079__n03028079_14582.JPEG","images/n03028079/imagenette2-160-subset-500__n03028079__n03028079_14582.JPEG","497","church","663","monastery","7,324219","663|442|483|668|698","monastery|bell cote|castle|mosque|palace","7,324219|6,429688|6,421875|6,171875|6,003906","false"
"/private/var/containers/Bundle/Application/4D01D32A-B666-4384-B213-31BBF61E54F1/CVTestsSUI.app/imagenette2-160-subset-500__n03028079__n03028079_14860.JPEG","images/n03028079/imagenette2-160-subset-500__n03028079__n03028079_14860.JPEG","497","church","663","monastery","7,250000","663|497|442|576|884","monastery|church|bell cote|gondola|vault","7,250000|7,222656|6,914062|4,992188|4,968750","true"
"/private/var/containers/Bundle/Application/4D01D32A-B666-4384-B213-31BBF61E54F1/CVTestsSUI.app/imagenette2-160-subset-500__n03028079__n03028079_14900.JPEG","images/n03028079/imagenette2-160-subset-500__n03028079__n03028079_14900.JPEG","497","church","916","web site","6,640625","916|598|782|620|727","web site|home theater|screen|laptop|planetarium","6,640625|6,542969|6,011719|5,433594|5,156250","false"
"/private/var/containers/Bundle/Application/4D01D32A-B666-4384-B213-31BBF61E54F1/CVTestsSUI.app/imagenette2-160-subset-500__n03028079__n03028079_15102.JPEG","images/n03028079/imagenette2-160-subset-500__n03028079__n03028079_15102.JPEG","497","church","574","golf ball","7,386719","574|497|522|805|437","golf ball|church|croquet ball|soccer ball|beacon","7,386719|5,519531|4,898438|4,539062|4,375000","true"
"/private/var/containers/Bundle/Application/4D01D32A-B666-4384-B213-31BBF61E54F1/CVTestsSUI.app/imagenette2-160-subset-500__n03028079__n03028079_17351.JPEG","images/n03028079/imagenette2-160-subset-500__n03028079__n03028079_17351.JPEG","497","church","406","altar","8,132812","406|884|497|538|663","altar|vault|church|dome|monastery","8,132812|7,468750|6,871094|6,656250|6,605469","true"
"/private/var/containers/Bundle/Application/4D01D32A-B666-4384-B213-31BBF61E54F1/CVTestsSUI.app/imagenette2-160-subset-500__n03028079__n03028079_21591.JPEG","images/n03028079/imagenette2-160-subset-500__n03028079__n03028079_21591.JPEG","497","church","663","monastery","9,125000","663|497|483|698|442","monastery|church|castle|palace|bell cote","9,125000|6,394531|6,371094|5,886719|4,429688","true"
"/private/var/containers/Bundle/Application/4D01D32A-B666-4384-B213-31BBF61E54F1/CVTestsSUI.app/imagenette2-160-subset-500__n03028079__n03028079_22500.JPEG","images/n03028079/imagenette2-160-subset-500__n03028079__n03028079_22500.JPEG","497","church","483","castle","9,687500","483|698|663|540|442","castle|palace|monastery|drilling platform|bell cote","9,687500|7,289062|6,539062|4,917969|4,730469","false"
"/private/var/containers/Bundle/Application/4D01D32A-B666-4384-B213-31BBF61E54F1/CVTestsSUI.app/imagenette2-160-subset-500__n03028079__n03028079_2592.JPEG","images/n03028079/imagenette2-160-subset-500__n03028079__n03028079_2592.JPEG","497","church","425","barn","6,730469","425|867|449|978|483","barn|trailer truck|boathouse|seashore|castle","6,730469|5,980469|5,785156|5,734375|5,722656","false"
"/private/var/containers/Bundle/Application/4D01D32A-B666-4384-B213-31BBF61E54F1/CVTestsSUI.app/imagenette2-160-subset-500__n03028079__n03028079_2660.JPEG","images/n03028079/imagenette2-160-subset-500__n03028079__n03028079_2660.JPEG","497","church","663","monastery","10,000000","663|668|698|497|442","monastery|mosque|palace|church|bell cote","10,000000|7,398438|7,218750|6,968750|5,933594","true"
"/private/var/containers/Bundle/Application/4D01D32A-B666-4384-B213-31BBF61E54F1/CVTestsSUI.app/imagenette2-160-subset-500__n03028079__n03028079_26842.JPEG","images/n03028079/imagenette2-160-subset-500__n03028079__n03028079_26842.JPEG","497","church","853","thatch","6,058594","853|912|449|832|442","thatch|worm fence|boathouse|stupa|bell cote","6,058594|5,625000|5,152344|5,003906|4,953125","false"
"/private/var/containers/Bundle/Application/4D01D32A-B666-4384-B213-31BBF61E54F1/CVTestsSUI.app/imagenette2-160-subset-500__n03028079__n03028079_27060.JPEG","images/n03028079/imagenette2-160-subset-500__n03028079__n03028079_27060.JPEG","497","church","663","monastery","7,667969","663|497|442|483|912","monastery|church|bell cote|castle|worm fence","7,667969|6,828125|6,804688|6,160156|5,945312","true"
"/private/var/containers/Bundle/Application/4D01D32A-B666-4384-B213-31BBF61E54F1/CVTestsSUI.app/imagenette2-160-subset-500__n03028079__n03028079_30232.JPEG","images/n03028079/imagenette2-160-subset-500__n03028079__n03028079_30232.JPEG","497","church","663","monastery","6,738281","663|442|497|668|682","monastery|bell cote|church|mosque|obelisk","6,738281|6,554688|5,328125|5,136719|4,750000","true"
"/private/var/containers/Bundle/Application/4D01D32A-B666-4384-B213-31BBF61E54F1/CVTestsSUI.app/imagenette2-160-subset-500__n03028079__n03028079_30642.JPEG","images/n03028079/imagenette2-160-subset-500__n03028079__n03028079_30642.JPEG","497","church","663","monastery","8,476562","663|497|483|442|698","monastery|church|castle|bell cote|palace","8,476562|7,359375|5,804688|5,679688|5,015625","true"
"/private/var/containers/Bundle/Application/4D01D32A-B666-4384-B213-31BBF61E54F1/CVTestsSUI.app/imagenette2-160-subset-500__n03028079__n03028079_30751.JPEG","images/n03028079/imagenette2-160-subset-500__n03028079__n03028079_30751.JPEG","497","church","663","monastery","9,203125","663|437|497|442|483","monastery|beacon|church|bell cote|castle","9,203125|6,464844|6,351562|5,769531|4,644531","true"
"/private/var/containers/Bundle/Application/4D01D32A-B666-4384-B213-31BBF61E54F1/CVTestsSUI.app/imagenette2-160-subset-500__n03028079__n03028079_3320.JPEG","images/n03028079/imagenette2-160-subset-500__n03028079__n03028079_3320.JPEG","497","church","663","monastery","10,656250","663|497|442|437|668","monastery|church|bell cote|beacon|mosque","10,656250|9,765625|6,324219|6,046875|5,199219","true"
"/private/var/containers/Bundle/Application/4D01D32A-B666-4384-B213-31BBF61E54F1/CVTestsSUI.app/imagenette2-160-subset-500__n03028079__n03028079_3432.JPEG","images/n03028079/imagenette2-160-subset-500__n03028079__n03028079_3432.JPEG","497","church","884","vault","8,492188","884|538|497|668|698","vault|dome|church|mosque|palace","8,492188|8,359375|6,707031|5,675781|5,230469","true"
"/private/var/containers/Bundle/Application/4D01D32A-B666-4384-B213-31BBF61E54F1/CVTestsSUI.app/imagenette2-160-subset-500__n03028079__n03028079_40120.JPEG","images/n03028079/imagenette2-160-subset-500__n03028079__n03028079_40120.JPEG","497","church","483","castle","7,019531","483|663|668|442|975","castle|monastery|mosque|bell cote|lakeside","7,019531|7,011719|6,226562|6,195312|6,011719","false"
"/private/var/containers/Bundle/Application/4D01D32A-B666-4384-B213-31BBF61E54F1/CVTestsSUI.app/imagenette2-160-subset-500__n03028079__n03028079_4731.JPEG","images/n03028079/imagenette2-160-subset-500__n03028079__n03028079_4731.JPEG","497","church","449","boathouse","6,406250","449|975|814|554|484","boathouse|lakeside|speedboat|fireboat|catamaran","6,406250|6,000000|5,914062|5,902344|5,660156","false"
"/private/var/containers/Bundle/Application/4D01D32A-B666-4384-B213-31BBF61E54F1/CVTestsSUI.app/imagenette2-160-subset-500__n03028079__n03028079_4902.JPEG","images/n03028079/imagenette2-160-subset-500__n03028079__n03028079_4902.JPEG","497","church","663","monastery","8,195312","663|442|497|668|698","monastery|bell cote|church|mosque|palace","8,195312|7,535156|7,175781|6,132812|4,855469","true"
"/private/var/containers/Bundle/Application/4D01D32A-B666-4384-B213-31BBF61E54F1/CVTestsSUI.app/imagenette2-160-subset-500__n03028079__n03028079_5260.JPEG","images/n03028079/imagenette2-160-subset-500__n03028079__n03028079_5260.JPEG","497","church","442","bell cote","8,453125","442|497|663|409|698","bell cote|church|monastery|analog clock|palace","8,453125|7,148438|6,843750|4,781250|4,609375","true"
"/private/var/containers/Bundle/Application/4D01D32A-B666-4384-B213-31BBF61E54F1/CVTestsSUI.app/imagenette2-160-subset-500__n03028079__n03028079_53111.JPEG","images/n03028079/imagenette2-160-subset-500__n03028079__n03028079_53111.JPEG","497","church","442","bell cote","7,917969","442|497|425|449|853","bell cote|church|barn|boathouse|thatch","7,917969|7,164062|5,781250|5,312500|4,882812","true"
"/private/var/containers/Bundle/Application/4D01D32A-B666-4384-B213-31BBF61E54F1/CVTestsSUI.app/imagenette2-160-subset-500__n03028079__n03028079_57572.JPEG","images/n03028079/imagenette2-160-subset-500__n03028079__n03028079_57572.JPEG","497","church","663","monastery","8,101562","663|497|442|483|698","monastery|church|bell cote|castle|palace","8,101562|5,566406|5,148438|4,843750|3,519531","true"
"/private/var/containers/Bundle/Application/4D01D32A-B666-4384-B213-31BBF61E54F1/CVTestsSUI.app/imagenette2-160-subset-500__n03028079__n03028079_6292.JPEG","images/n03028079/imagenette2-160-subset-500__n03028079__n03028079_6292.JPEG","497","church","743","prison","5,906250","743|497|727|421|506","prison|church|planetarium|bannister|coil","5,906250|5,812500|5,695312|5,136719|5,085938","true"
"/private/var/containers/Bundle/Application/4D01D32A-B666-4384-B213-31BBF61E54F1/CVTestsSUI.app/imagenette2-160-subset-500__n03028079__n03028079_6720.JPEG","images/n03028079/imagenette2-160-subset-500__n03028079__n03028079_6720.JPEG","497","church","663","monastery","8,062500","663|497|483|698|442","monastery|church|castle|palace|bell cote","8,062500|7,144531|4,941406|4,804688|4,761719","true"
"/private/var/containers/Bundle/Application/4D01D32A-B666-4384-B213-31BBF61E54F1/CVTestsSUI.app/imagenette2-160-subset-500__n03028079__n03028079_6831.JPEG","images/n03028079/imagenette2-160-subset-500__n03028079__n03028079_6831.JPEG","497","church","663","monastery","8,132812","663|497|442|698|483","monastery|church|bell cote|palace|castle","8,132812|7,953125|7,722656|6,714844|6,343750","true"
"/private/var/containers/Bundle/Application/4D01D32A-B666-4384-B213-31BBF61E54F1/CVTestsSUI.app/imagenette2-160-subset-500__n03028079__n03028079_7752.JPEG","images/n03028079/imagenette2-160-subset-500__n03028079__n03028079_7752.JPEG","497","church","663","monastery","7,632812","663|497|832|494|747","monastery|church|stupa|chime|punching bag","7,632812|7,300781|6,121094|5,257812|5,238281","true"
"/private/var/containers/Bundle/Application/4D01D32A-B666-4384-B213-31BBF61E54F1/CVTestsSUI.app/imagenette2-160-subset-500__n03028079__n03028079_8132.JPEG","images/n03028079/imagenette2-160-subset-500__n03028079__n03028079_8132.JPEG","497","church","538","dome","8,937500","538|668|497|663|727","dome|mosque|church|monastery|planetarium","8,937500|8,226562|7,132812|7,093750|4,421875","true"
"/private/var/containers/Bundle/Application/4D01D32A-B666-4384-B213-31BBF61E54F1/CVTestsSUI.app/imagenette2-160-subset-500__n03028079__n03028079_8911.JPEG","images/n03028079/imagenette2-160-subset-500__n03028079__n03028079_8911.JPEG","497","church","663","monastery","9,109375","663|497|442|698|483","monastery|church|bell cote|palace|castle","9,109375|7,558594|5,730469|5,414062|4,761719","true"
"/private/var/containers/Bundle/Application/4D01D32A-B666-4384-B213-31BBF61E54F1/CVTestsSUI.app/imagenette2-160-subset-500__n03028079__n03028079_9580.JPEG","images/n03028079/imagenette2-160-subset-500__n03028079__n03028079_9580.JPEG","497","church","663","monastery","9,554688","663|497|442|873|698","monastery|church|bell cote|triumphal arch|palace","9,554688|8,750000|6,425781|6,234375|6,152344","true"
"/private/var/containers/Bundle/Application/4D01D32A-B666-4384-B213-31BBF61E54F1/CVTestsSUI.app/imagenette2-160-subset-500__n03028079__n03028079_9632.JPEG","images/n03028079/imagenette2-160-subset-500__n03028079__n03028079_9632.JPEG","497","church","663","monastery","8,257812","663|497|698|442|483","monastery|church|palace|bell cote|castle","8,257812|6,882812|5,953125|5,687500|3,810547","true"
"/private/var/containers/Bundle/Application/4D01D32A-B666-4384-B213-31BBF61E54F1/CVTestsSUI.app/imagenette2-160-subset-500__n03028079__n03028079_9702.JPEG","images/n03028079/imagenette2-160-subset-500__n03028079__n03028079_9702.JPEG","497","church","663","monastery","8,843750","663|497|442|483|406","monastery|church|bell cote|castle|altar","8,843750|8,492188|7,210938|4,066406|4,046875","true"
"/private/var/containers/Bundle/Application/4D01D32A-B666-4384-B213-31BBF61E54F1/CVTestsSUI.app/imagenette2-160-subset-500__n03394916__n03394916_26270.JPEG","images/n03394916/imagenette2-160-subset-500__n03394916__n03394916_26270.JPEG","566","French horn","776","sax","7,769531","776|566|513|683|432","sax|French horn|cornet|oboe|bassoon","7,769531|7,753906|6,515625|6,445312|5,484375","true"
"/private/var/containers/Bundle/Application/4D01D32A-B666-4384-B213-31BBF61E54F1/CVTestsSUI.app/imagenette2-160-subset-500__n03394916__n03394916_26831.JPEG","images/n03394916/imagenette2-160-subset-500__n03394916__n03394916_26831.JPEG","566","French horn","676","muzzle","6,964844","676|357|674|507|358","muzzle|mink|mousetrap|combination lock|polecat","6,964844|5,656250|5,265625|5,062500|4,886719","false"
"/private/var/containers/Bundle/Application/4D01D32A-B666-4384-B213-31BBF61E54F1/CVTestsSUI.app/imagenette2-160-subset-500__n03394916__n03394916_29940.JPEG","images/n03394916/imagenette2-160-subset-500__n03394916__n03394916_29940.JPEG","566","French horn","860","tobacco shop","6,824219","860|857|865|406|643","tobacco shop|throne|toyshop|altar|mask","6,824219|6,699219|6,457031|5,816406|5,691406","false"
"/private/var/containers/Bundle/Application/4D01D32A-B666-4384-B213-31BBF61E54F1/CVTestsSUI.app/imagenette2-160-subset-500__n03394916__n03394916_32582.JPEG","images/n03394916/imagenette2-160-subset-500__n03394916__n03394916_32582.JPEG","566","French horn","875","trombone","6,550781","875|566|513|776|432","trombone|French horn|cornet|sax|bassoon","6,550781|6,281250|5,558594|3,777344|3,238281","true"
"/private/var/containers/Bundle/Application/4D01D32A-B666-4384-B213-31BBF61E54F1/CVTestsSUI.app/imagenette2-160-subset-500__n03394916__n03394916_37852.JPEG","images/n03394916/imagenette2-160-subset-500__n03394916__n03394916_37852.JPEG","566","French horn","514","cowboy boot","6,636719","514|413|456|843|733","cowboy boot|assault rifle|bow|swing|pole","6,636719|5,769531|5,695312|5,117188|4,824219","false"
"/private/var/containers/Bundle/Application/4D01D32A-B666-4384-B213-31BBF61E54F1/CVTestsSUI.app/imagenette2-160-subset-500__n03394916__n03394916_38050.JPEG","images/n03394916/imagenette2-160-subset-500__n03394916__n03394916_38050.JPEG","566","French horn","683","oboe","8,734375","683|432|776|566|558","oboe|bassoon|sax|French horn|flute","8,734375|7,351562|6,605469|6,320312|6,261719","true"
"/private/var/containers/Bundle/Application/4D01D32A-B666-4384-B213-31BBF61E54F1/CVTestsSUI.app/imagenette2-160-subset-500__n03394916__n03394916_38830.JPEG","images/n03394916/imagenette2-160-subset-500__n03394916__n03394916_38830.JPEG","566","French horn","981","ballplayer","7,386719","981|566|513|439|652","ballplayer|French horn|cornet|bearskin|military uniform","7,386719|6,933594|6,457031|6,128906|5,398438","true"
"/private/var/containers/Bundle/Application/4D01D32A-B666-4384-B213-31BBF61E54F1/CVTestsSUI.app/imagenette2-160-subset-500__n03394916__n03394916_43022.JPEG","images/n03394916/imagenette2-160-subset-500__n03394916__n03394916_43022.JPEG","566","French horn","598","home theater","7,988281","598|453|831|548|526","home theater|bookcase|studio couch|entertainment center|desk","7,988281|7,375000|7,265625|6,855469|6,074219","false"
"/private/var/containers/Bundle/Application/4D01D32A-B666-4384-B213-31BBF61E54F1/CVTestsSUI.app/imagenette2-160-subset-500__n03394916__n03394916_44060.JPEG","images/n03394916/imagenette2-160-subset-500__n03394916__n03394916_44060.JPEG","566","French horn","854","theater curtain","6,554688","854|406|220|819|228","theater curtain|altar|Sussex spaniel|stage|komondor","6,554688|4,425781|4,394531|4,218750|4,164062","false"
"/private/var/containers/Bundle/Application/4D01D32A-B666-4384-B213-31BBF61E54F1/CVTestsSUI.app/imagenette2-160-subset-500__n03394916__n03394916_46670.JPEG","images/n03394916/imagenette2-160-subset-500__n03394916__n03394916_46670.JPEG","566","French horn","823","stethoscope","5,980469","823|636|475|571|702","stethoscope|mailbag|car mirror|gas pump|parallel bars","5,980469|5,722656|5,632812|5,609375|5,238281","false"
"/private/var/containers/Bundle/Application/4D01D32A-B666-4384-B213-31BBF61E54F1/CVTestsSUI.app/imagenette2-160-subset-500__n03394916__n03394916_47022.JPEG","images/n03394916/imagenette2-160-subset-500__n03394916__n03394916_47022.JPEG","566","French horn","822","steel drum","7,265625","822|566|486|683|706","steel drum|French horn|cello|oboe|patio","7,265625|6,082031|5,929688|5,906250|5,746094","true"
"/private/var/containers/Bundle/Application/4D01D32A-B666-4384-B213-31BBF61E54F1/CVTestsSUI.app/imagenette2-160-subset-500__n03394916__n03394916_47300.JPEG","images/n03394916/imagenette2-160-subset-500__n03394916__n03394916_47300.JPEG","566","French horn","456","bow","5,109375","456|522|395|691|602","bow|croquet ball|gar|oxygen mask|horizontal bar","5,109375|4,687500|4,488281|4,339844|4,292969","false"
"/private/var/containers/Bundle/Application/4D01D32A-B666-4384-B213-31BBF61E54F1/CVTestsSUI.app/imagenette2-160-subset-500__n03417042__n03417042_10520.JPEG","images/n03417042/imagenette2-160-subset-500__n03417042__n03417042_10520.JPEG","569","garbage truck","867","trailer truck","8,851562","867|675|569|864|408","trailer truck|moving van|garbage truck|tow truck|amphibian","8,851562|7,992188|7,488281|5,382812|5,183594","true"
"/private/var/containers/Bundle/Application/4D01D32A-B666-4384-B213-31BBF61E54F1/CVTestsSUI.app/imagenette2-160-subset-500__n03417042__n03417042_1330.JPEG","images/n03417042/imagenette2-160-subset-500__n03417042__n03417042_1330.JPEG","569","garbage truck","612","jinrikisha","7,023438","612|569|675|728|865","jinrikisha|garbage truck|moving van|plastic bag|toyshop","7,023438|6,351562|5,875000|5,785156|5,542969","true"
"/private/var/containers/Bundle/Application/4D01D32A-B666-4384-B213-31BBF61E54F1/CVTestsSUI.app/imagenette2-160-subset-500__n03417042__n03417042_1492.JPEG","images/n03417042/imagenette2-160-subset-500__n03417042__n03417042_1492.JPEG","569","garbage truck","498","cinema","6,613281","498|860|480|877|675","cinema|tobacco shop|cash machine|turnstile|moving van","6,613281|6,417969|6,253906|5,742188|5,425781","false"
"/private/var/containers/Bundle/Application/4D01D32A-B666-4384-B213-31BBF61E54F1/CVTestsSUI.app/imagenette2-160-subset-500__n03417042__n03417042_1651.JPEG","images/n03417042/imagenette2-160-subset-500__n03417042__n03417042_1651.JPEG","569","garbage truck","675","moving van","9,500000","675|569|660|867|856","moving van|garbage truck|mobile home|trailer truck|thresher","9,500000|7,507812|5,093750|4,144531|3,748047","true"
"/private/var/containers/Bundle/Application/4D01D32A-B666-4384-B213-31BBF61E54F1/CVTestsSUI.app/imagenette2-160-subset-500__n03417042__n03417042_19020.JPEG","images/n03417042/imagenette2-160-subset-500__n03417042__n03417042_19020.JPEG","569","garbage truck","660","mobile home","6,585938","660|867|675|569|757","mobile home|trailer truck|moving van|garbage truck|recreational vehicle","6,585938|6,542969|6,144531|5,335938|5,214844","true"
"/private/var/containers/Bundle/Application/4D01D32A-B666-4384-B213-31BBF61E54F1/CVTestsSUI.app/imagenette2-160-subset-500__n03417042__n03417042_20892.JPEG","images/n03417042/imagenette2-160-subset-500__n03417042__n03417042_20892.JPEG","569","garbage truck","867","trailer truck","8,234375","867|675|569|864|660","trailer truck|moving van|garbage truck|tow truck|mobile home","8,234375|7,382812|7,023438|4,972656|3,388672","true"
"/private/var/containers/Bundle/Application/4D01D32A-B666-4384-B213-31BBF61E54F1/CVTestsSUI.app/imagenette2-160-subset-500__n03417042__n03417042_3280.JPEG","images/n03417042/imagenette2-160-subset-500__n03417042__n03417042_3280.JPEG","569","garbage truck","812","space shuttle","5,902344","812|818|632|822|430","space shuttle|spotlight|loudspeaker|steel drum|basketball","5,902344|5,523438|5,171875|5,007812|4,656250","false"
"/private/var/containers/Bundle/Application/4D01D32A-B666-4384-B213-31BBF61E54F1/CVTestsSUI.app/imagenette2-160-subset-500__n03417042__n03417042_3331.JPEG","images/n03417042/imagenette2-160-subset-500__n03417042__n03417042_3331.JPEG","569","garbage truck","978","seashore","7,171875","978|976|980|460|672","seashore|promontory|volcano|breakwater|mountain tent","7,171875|6,019531|5,429688|5,269531|5,109375","false"
"/private/var/containers/Bundle/Application/4D01D32A-B666-4384-B213-31BBF61E54F1/CVTestsSUI.app/imagenette2-160-subset-500__n03417042__n03417042_3600.JPEG","images/n03417042/imagenette2-160-subset-500__n03417042__n03417042_3600.JPEG","569","garbage truck","625","lifeboat","7,195312","625|864|569|830|408","lifeboat|tow truck|garbage truck|stretcher|amphibian","7,195312|7,042969|6,812500|5,675781|5,230469","true"
"/private/var/containers/Bundle/Application/4D01D32A-B666-4384-B213-31BBF61E54F1/CVTestsSUI.app/imagenette2-160-subset-500__n03417042__n03417042_4551.JPEG","images/n03417042/imagenette2-160-subset-500__n03417042__n03417042_4551.JPEG","569","garbage truck","803","snowplow","7,695312","803|569|856|867|672","snowplow|garbage truck|thresher|trailer truck|mountain tent","7,695312|7,667969|4,093750|3,736328|3,582031","true"
"/private/var/containers/Bundle/Application/4D01D32A-B666-4384-B213-31BBF61E54F1/CVTestsSUI.app/imagenette2-160-subset-500__n03417042__n03417042_4600.JPEG","images/n03417042/imagenette2-160-subset-500__n03417042__n03417042_4600.JPEG","569","garbage truck","675","moving van","6,945312","675|569|867|660|757","moving van|garbage truck|trailer truck|mobile home|recreational vehicle","6,945312|6,796875|5,113281|4,351562|4,167969","true"
"/private/var/containers/Bundle/Application/4D01D32A-B666-4384-B213-31BBF61E54F1/CVTestsSUI.app/imagenette2-160-subset-500__n03417042__n03417042_690.JPEG","images/n03417042/imagenette2-160-subset-500__n03417042__n03417042_690.JPEG","569","garbage truck","867","trailer truck","8,375000","867|569|864|660|555","trailer truck|garbage truck|tow truck|mobile home|fire engine","8,375000|7,703125|6,414062|6,347656|6,320312","true"
"/private/var/containers/Bundle/Application/4D01D32A-B666-4384-B213-31BBF61E54F1/CVTestsSUI.app/imagenette2-160-subset-500__n03417042__n03417042_8630.JPEG","images/n03417042/imagenette2-160-subset-500__n03417042__n03417042_8630.JPEG","569","garbage truck","867","trailer truck","7,335938","867|569|675|864|517","trailer truck|garbage truck|moving van|tow truck|crane","7,335938|7,277344|6,832031|5,054688|4,339844","true"
"/private/var/containers/Bundle/Application/4D01D32A-B666-4384-B213-31BBF61E54F1/CVTestsSUI.app/imagenette2-160-subset-500__n03425413__ILSVRC2012_val_00001432.JPEG","images/n03425413/imagenette2-160-subset-500__n03425413__ILSVRC2012_val_00001432.JPEG","571","gas pump","856","thresher","7,351562","856|571|866|595|707","thresher|gas pump|tractor|harvester|pay-phone","7,351562|6,996094|6,535156|4,921875|4,695312","true"
"/private/var/containers/Bundle/Application/4D01D32A-B666-4384-B213-31BBF61E54F1/CVTestsSUI.app/imagenette2-160-subset-500__n03425413__n03425413_13620.JPEG","images/n03425413/imagenette2-160-subset-500__n03425413__n03425413_13620.JPEG","571","gas pump","583","guillotine","7,480469","583|634|856|571|675","guillotine|lumbermill|thresher|gas pump|moving van","7,480469|6,902344|6,789062|6,105469|6,082031","true"
"/private/var/containers/Bundle/Application/4D01D32A-B666-4384-B213-31BBF61E54F1/CVTestsSUI.app/imagenette2-160-subset-500__n03425413__n03425413_13741.JPEG","images/n03425413/imagenette2-160-subset-500__n03425413__n03425413_13741.JPEG","571","gas pump","867","trailer truck","6,789062","867|571|856|864|561","trailer truck|gas pump|thresher|tow truck|forklift","6,789062|6,441406|6,167969|5,679688|4,757812","true"
"/private/var/containers/Bundle/Application/4D01D32A-B666-4384-B213-31BBF61E54F1/CVTestsSUI.app/imagenette2-160-subset-500__n03425413__n03425413_14040.JPEG","images/n03425413/imagenette2-160-subset-500__n03425413__n03425413_14040.JPEG","571","gas pump","675","moving van","5,902344","675|571|612|660|654","moving van|gas pump|jinrikisha|mobile home|minibus","5,902344|5,601562|4,843750|4,414062|4,222656","true"
"/private/var/containers/Bundle/Application/4D01D32A-B666-4384-B213-31BBF61E54F1/CVTestsSUI.app/imagenette2-160-subset-500__n03425413__n03425413_14280.JPEG","images/n03425413/imagenette2-160-subset-500__n03425413__n03425413_14280.JPEG","571","gas pump","675","moving van","7,191406","675|571|864|707|867","moving van|gas pump|tow truck|pay-phone|trailer truck","7,191406|6,527344|5,820312|5,285156|4,984375","true"
"/private/var/containers/Bundle/Application/4D01D32A-B666-4384-B213-31BBF61E54F1/CVTestsSUI.app/imagenette2-160-subset-500__n03425413__n03425413_14510.JPEG","images/n03425413/imagenette2-160-subset-500__n03425413__n03425413_14510.JPEG","571","gas pump","675","moving van","10,789062","675|860|571|867|480","moving van|tobacco shop|gas pump|trailer truck|cash machine","10,789062|7,320312|7,191406|6,246094|5,402344","true"
"/private/var/containers/Bundle/Application/4D01D32A-B666-4384-B213-31BBF61E54F1/CVTestsSUI.app/imagenette2-160-subset-500__n03425413__n03425413_14672.JPEG","images/n03425413/imagenette2-160-subset-500__n03425413__n03425413_14672.JPEG","571","gas pump","743","prison","6,097656","743|921|571|844|715","prison|book jacket|gas pump|switch|pickelhaube","6,097656|5,792969|5,230469|5,042969|4,933594","true"
"/private/var/containers/Bundle/Application/4D01D32A-B666-4384-B213-31BBF61E54F1/CVTestsSUI.app/imagenette2-160-subset-500__n03425413__n03425413_24552.JPEG","images/n03425413/imagenette2-160-subset-500__n03425413__n03425413_24552.JPEG","571","gas pump","747","punching bag","5,816406","747|854|571|907|966","punching bag|theater curtain|gas pump|wine bottle|red wine","5,816406|4,554688|4,359375|4,183594|4,148438","true"
"/private/var/containers/Bundle/Application/4D01D32A-B666-4384-B213-31BBF61E54F1/CVTestsSUI.app/imagenette2-160-subset-500__n03425413__n03425413_251.JPEG","images/n03425413/imagenette2-160-subset-500__n03425413__n03425413_251.JPEG","571","gas pump","661","Model T","7,878906","661|856|603|586|866","Model T|thresher|horse cart|half track|tractor","7,878906|6,453125|5,050781|4,304688|4,250000","false"
"/private/var/containers/Bundle/Application/4D01D32A-B666-4384-B213-31BBF61E54F1/CVTestsSUI.app/imagenette2-160-subset-500__n03425413__n03425413_5092.JPEG","images/n03425413/imagenette2-160-subset-500__n03425413__n03425413_5092.JPEG","571","gas pump","670","motor scooter","6,816406","670|570|691|571|630","motor scooter|gasmask|oxygen mask|gas pump|Loafer","6,816406|6,605469|6,492188|6,027344|5,539062","true"
"/private/var/containers/Bundle/Application/4D01D32A-B666-4384-B213-31BBF61E54F1/CVTestsSUI.app/imagenette2-160-subset-500__n03888257__ILSVRC2012_val_00002990.JPEG","images/n03888257/imagenette2-160-subset-500__n03888257__ILSVRC2012_val_00002990.JPEG","701","parachute","833","submarine","6,589844","833|403|708|437|408","submarine|aircraft carrier|pedestal|beacon|amphibian","6,589844|5,996094|5,980469|5,949219|5,726562","false"
"/private/var/containers/Bundle/Application/4D01D32A-B666-4384-B213-31BBF61E54F1/CVTestsSUI.app/imagenette2-160-subset-500__n03888257__n03888257_10050.JPEG","images/n03888257/imagenette2-160-subset-500__n03888257__n03888257_10050.JPEG","701","parachute","958","hay","6,289062","958|595|984|701|912","hay|harvester|rapeseed|parachute|worm fence","6,289062|5,351562|4,941406|4,925781|4,859375","true"
"/private/var/containers/Bundle/Application/4D01D32A-B666-4384-B213-31BBF61E54F1/CVTestsSUI.app/imagenette2-160-subset-500__n03888257__n03888257_12212.JPEG","images/n03888257/imagenette2-160-subset-500__n03888257__n03888257_12212.JPEG","701","parachute","672","mountain tent","5,429688","672|490|198|915|160","mountain tent|chain mail|standard schnauzer|yurt|Afghan hound","5,429688|4,921875|4,894531|4,738281|4,605469","false"
"/private/var/containers/Bundle/Application/4D01D32A-B666-4384-B213-31BBF61E54F1/CVTestsSUI.app/imagenette2-160-subset-500__n03888257__n03888257_12641.JPEG","images/n03888257/imagenette2-160-subset-500__n03888257__n03888257_12641.JPEG","701","parachute","812","space shuttle","8,242188","812|895|404|744|657","space shuttle|warplane|airliner|projectile|missile","8,242188|7,214844|5,621094|5,539062|5,257812","false"
"/private/var/containers/Bundle/Application/4D01D32A-B666-4384-B213-31BBF61E54F1/CVTestsSUI.app/imagenette2-160-subset-500__n03888257__n03888257_14090.JPEG","images/n03888257/imagenette2-160-subset-500__n03888257__n03888257_14090.JPEG","701","parachute","429","baseball","6,320312","429|701|512|78|647","baseball|parachute|corkscrew|tick|measuring cup","6,320312|5,726562|5,117188|4,660156|4,441406","true"
"/private/var/containers/Bundle/Application/4D01D32A-B666-4384-B213-31BBF61E54F1/CVTestsSUI.app/imagenette2-160-subset-500__n03888257__n03888257_14901.JPEG","images/n03888257/imagenette2-160-subset-500__n03888257__n03888257_14901.JPEG","701","parachute","672","mountain tent","6,781250","672|701|879|775|645","mountain tent|parachute|umbrella|sarong|maypole","6,781250|6,085938|4,378906|3,664062|3,578125","true"
"/private/var/containers/Bundle/Application/4D01D32A-B666-4384-B213-31BBF61E54F1/CVTestsSUI.app/imagenette2-160-subset-500__n03888257__n03888257_16991.JPEG","images/n03888257/imagenette2-160-subset-500__n03888257__n03888257_16991.JPEG","701","parachute","796","ski mask","6,757812","796|795|691|701|802","ski mask|ski|oxygen mask|parachute|snowmobile","6,757812|6,656250|5,992188|5,921875|5,097656","true"
"/private/var/containers/Bundle/Application/4D01D32A-B666-4384-B213-31BBF61E54F1/CVTestsSUI.app/imagenette2-160-subset-500__n03888257__n03888257_18441.JPEG","images/n03888257/imagenette2-160-subset-500__n03888257__n03888257_18441.JPEG","701","parachute","972","cliff","8,507812","972|350|976|701|978","cliff|ibex|promontory|parachute|seashore","8,507812|7,007812|6,746094|6,660156|6,468750","true"
"/private/var/containers/Bundle/Application/4D01D32A-B666-4384-B213-31BBF61E54F1/CVTestsSUI.app/imagenette2-160-subset-500__n03888257__n03888257_3651.JPEG","images/n03888257/imagenette2-160-subset-500__n03888257__n03888257_3651.JPEG","701","parachute","691","oxygen mask","7,820312","691|701|615|744|465","oxygen mask|parachute|knee pad|projectile|bulletproof vest","7,820312|7,070312|6,851562|6,691406|6,480469","true"
"/private/var/containers/Bundle/Application/4D01D32A-B666-4384-B213-31BBF61E54F1/CVTestsSUI.app/imagenette2-160-subset-500__n03888257__n03888257_5662.JPEG","images/n03888257/imagenette2-160-subset-500__n03888257__n03888257_5662.JPEG","701","parachute","64","green mamba","7,511719","64|917|62|116|60","green mamba|comic book|rock python|chiton|night snake","7,511719|6,359375|5,957031|5,285156|5,257812","false"